NO.,Time,ms,mV,mV.1
1,2021/05/19 12:19:16,0,16.03,6.77
2,2021/05/19 12:19:26,0,16.05,6.78
3,2021/05/19 12:19:36,0,16.06,6.79
4,2021/05/19 12:19:46,0,16.06,6.79
5,2021/05/19 12:19:56,0,16.03,6.77
6,2021/05/19 12:20:06,0,16.04,6.76
7,2021/05/19 12:20:16,0,16.03,6.76
8,2021/05/19 12:20:26,0,16.02,6.76
9,2021/05/19 12:20:36,0,16.03,6.77
10,2021/05/19 12:20:46,0,16.04,6.76
11,2021/05/19 12:20:56,0,16.05,6.77
12,2021/05/19 12:21:06,0,16.04,6.76
13,2021/05/19 12:21:16,0,16.06,6.79
14,2021/05/19 12:21:26,0,16.08,6.8
15,2021/05/19 12:21:36,0,16.06,6.79
16,2021/05/19 12:21:46,0,16.08,6.79
17,2021/05/19 12:21:56,0,16.07,6.79
18,2021/05/19 12:22:06,0,16.06,6.79
19,2021/05/19 12:22:16,0,16.06,6.78
20,2021/05/19 12:22:26,0,16.08,6.79
21,2021/05/19 12:22:36,0,16.09,6.78
22,2021/05/19 12:22:46,0,16.09,6.79
23,2021/05/19 12:22:56,0,16.08,6.79
24,2021/05/19 12:23:06,0,16.09,6.79
25,2021/05/19 12:23:16,0,16.1,6.79
26,2021/05/19 12:23:26,0,16.12,6.81
27,2021/05/19 12:23:36,0,16.13,6.82
28,2021/05/19 12:23:46,0,16.14,6.82
29,2021/05/19 12:23:56,0,16.14,6.83
30,2021/05/19 12:24:06,0,16.14,6.83
31,2021/05/19 12:24:16,0,16.12,6.83
32,2021/05/19 12:24:26,0,16.13,6.82
33,2021/05/19 12:24:36,0,16.13,6.82
34,2021/05/19 12:24:46,0,16.14,6.82
35,2021/05/19 12:24:56,0,16.15,6.83
36,2021/05/19 12:25:06,0,16.17,6.85
37,2021/05/19 12:25:16,0,16.17,6.85
38,2021/05/19 12:25:26,0,16.18,6.85
39,2021/05/19 12:25:36,0,16.18,6.86
40,2021/05/19 12:25:46,0,16.19,6.86
41,2021/05/19 12:25:56,0,16.2,6.86
42,2021/05/19 12:26:06,0,16.2,6.86
43,2021/05/19 12:26:16,0,16.2,6.86
44,2021/05/19 12:26:26,0,16.2,6.86
45,2021/05/19 12:26:36,0,16.21,6.87
46,2021/05/19 12:26:46,0,16.2,6.86
47,2021/05/19 12:26:56,0,16.22,6.86
48,2021/05/19 12:27:06,0,16.2,6.86
49,2021/05/19 12:27:16,0,16.19,6.85
50,2021/05/19 12:27:26,0,16.2,6.85
51,2021/05/19 12:27:36,0,16.2,6.85
52,2021/05/19 12:27:46,0,16.19,6.83
53,2021/05/19 12:27:56,0,16.19,6.84
54,2021/05/19 12:28:06,0,16.14,6.82
55,2021/05/19 12:28:16,0,16.13,6.82
56,2021/05/19 12:28:26,0,16.15,6.82
57,2021/05/19 12:28:36,0,16.23,6.86
58,2021/05/19 12:28:46,0,16.26,6.87
59,2021/05/19 12:28:56,0,16.26,6.88
60,2021/05/19 12:29:06,0,16.26,6.88
61,2021/05/19 12:29:16,0,16.25,6.87
62,2021/05/19 12:29:26,0,16.25,6.87
63,2021/05/19 12:29:36,0,16.23,6.87
64,2021/05/19 12:29:46,0,16.23,6.86
65,2021/05/19 12:29:56,0,16.23,6.85
66,2021/05/19 12:30:06,0,16.22,6.86
67,2021/05/19 12:30:16,0,16.21,6.85
68,2021/05/19 12:30:26,0,16.22,6.85
69,2021/05/19 12:30:36,0,16.2,6.84
70,2021/05/19 12:30:46,0,16.2,6.84
71,2021/05/19 12:30:56,0,16.21,6.84
72,2021/05/19 12:31:06,0,16.19,6.82
73,2021/05/19 12:31:16,0,16.19,6.82
74,2021/05/19 12:31:26,0,16.18,6.82
75,2021/05/19 12:31:36,0,16.19,6.82
76,2021/05/19 12:31:46,0,16.18,6.82
77,2021/05/19 12:31:56,0,16.19,6.82
78,2021/05/19 12:32:06,0,16.2,6.81
79,2021/05/19 12:32:16,0,16.18,6.83
80,2021/05/19 12:32:26,0,16.21,6.83
81,2021/05/19 12:32:36,0,16.22,6.84
82,2021/05/19 12:32:46,0,16.22,6.86
83,2021/05/19 12:32:56,0,16.22,6.85
84,2021/05/19 12:33:06,0,16.23,6.85
85,2021/05/19 12:33:16,0,16.24,6.85
86,2021/05/19 12:33:26,0,16.23,6.87
87,2021/05/19 12:33:36,0,16.25,6.88
88,2021/05/19 12:33:46,0,16.26,6.89
89,2021/05/19 12:33:56,0,16.27,6.9
90,2021/05/19 12:34:06,0,16.28,6.9
91,2021/05/19 12:34:16,0,16.27,6.89
92,2021/05/19 12:34:26,0,16.27,6.88
93,2021/05/19 12:34:36,0,16.28,6.9
94,2021/05/19 12:34:46,0,16.3,6.91
95,2021/05/19 12:34:56,0,16.3,6.9
96,2021/05/19 12:35:06,0,16.28,6.89
97,2021/05/19 12:35:16,0,16.28,6.89
98,2021/05/19 12:35:26,0,16.29,6.88
99,2021/05/19 12:35:36,0,16.26,6.89
100,2021/05/19 12:35:46,0,16.28,6.88
101,2021/05/19 12:35:56,0,16.29,6.88
102,2021/05/19 12:36:06,0,16.29,6.89
103,2021/05/19 12:36:16,0,16.28,6.89
104,2021/05/19 12:36:26,0,16.29,6.88
105,2021/05/19 12:36:36,0,16.28,6.89
106,2021/05/19 12:36:46,0,16.27,6.88
107,2021/05/19 12:36:56,0,16.27,6.88
108,2021/05/19 12:37:06,0,16.29,6.89
109,2021/05/19 12:37:16,0,16.29,6.9
110,2021/05/19 12:37:26,0,16.29,6.89
111,2021/05/19 12:37:36,0,16.29,6.88
112,2021/05/19 12:37:46,0,16.27,6.86
113,2021/05/19 12:37:56,0,16.26,6.86
114,2021/05/19 12:38:06,0,16.26,6.86
115,2021/05/19 12:38:16,0,16.26,6.85
116,2021/05/19 12:38:26,0,16.23,6.85
117,2021/05/19 12:38:36,0,16.25,6.85
118,2021/05/19 12:38:46,0,16.26,6.85
119,2021/05/19 12:38:56,0,16.25,6.86
120,2021/05/19 12:39:06,0,16.25,6.86
121,2021/05/19 12:39:16,0,16.24,6.85
122,2021/05/19 12:39:26,0,16.26,6.86
123,2021/05/19 12:39:36,0,16.26,6.87
124,2021/05/19 12:39:46,0,16.28,6.88
125,2021/05/19 12:39:56,0,16.28,6.88
126,2021/05/19 12:40:06,0,16.28,6.88
127,2021/05/19 12:40:16,0,16.28,6.88
128,2021/05/19 12:40:26,0,16.26,6.87
129,2021/05/19 12:40:36,0,16.25,6.87
130,2021/05/19 12:40:46,0,16.26,6.86
131,2021/05/19 12:40:56,0,16.25,6.86
132,2021/05/19 12:41:06,0,16.23,6.86
133,2021/05/19 12:41:16,0,16.23,6.85
134,2021/05/19 12:41:26,0,16.25,6.86
135,2021/05/19 12:41:36,0,16.26,6.88
136,2021/05/19 12:41:46,0,16.28,6.88
137,2021/05/19 12:41:56,0,16.27,6.88
138,2021/05/19 12:42:06,0,16.27,6.88
139,2021/05/19 12:42:16,0,16.27,6.89
140,2021/05/19 12:42:26,0,16.28,6.9
141,2021/05/19 12:42:36,0,16.28,6.9
142,2021/05/19 12:42:46,0,16.3,6.9
143,2021/05/19 12:42:56,0,16.3,6.9
144,2021/05/19 12:43:06,0,16.3,6.91
145,2021/05/19 12:43:16,0,16.29,6.9
146,2021/05/19 12:43:26,0,16.3,6.91
147,2021/05/19 12:43:36,0,16.3,6.91
148,2021/05/19 12:43:46,0,16.3,6.92
149,2021/05/19 12:43:56,0,16.29,6.9
150,2021/05/19 12:44:06,0,16.29,6.9
151,2021/05/19 12:44:16,0,16.28,6.9
152,2021/05/19 12:44:26,0,16.29,6.9
153,2021/05/19 12:44:36,0,16.28,6.88
154,2021/05/19 12:44:46,0,16.27,6.88
155,2021/05/19 12:44:56,0,16.27,6.87
156,2021/05/19 12:45:06,0,16.26,6.86
157,2021/05/19 12:45:16,0,16.25,6.86
158,2021/05/19 12:45:26,0,16.25,6.87
159,2021/05/19 12:45:36,0,16.25,6.87
160,2021/05/19 12:45:46,0,16.26,6.87
161,2021/05/19 12:45:56,0,16.27,6.88
162,2021/05/19 12:46:06,0,16.28,6.88
163,2021/05/19 12:46:16,0,16.28,6.88
164,2021/05/19 12:46:26,0,16.28,6.87
165,2021/05/19 12:46:36,0,16.28,6.88
166,2021/05/19 12:46:46,0,16.29,6.87
167,2021/05/19 12:46:56,0,16.29,6.88
168,2021/05/19 12:47:06,0,16.29,6.88
169,2021/05/19 12:47:16,0,16.28,6.88
170,2021/05/19 12:47:26,0,16.29,6.88
171,2021/05/19 12:47:36,0,16.31,6.89
172,2021/05/19 12:47:46,0,16.31,6.89
173,2021/05/19 12:47:56,0,16.31,6.9
174,2021/05/19 12:48:06,0,16.31,6.9
175,2021/05/19 12:48:16,0,16.3,6.88
176,2021/05/19 12:48:26,0,16.32,6.89
177,2021/05/19 12:48:36,0,16.32,6.9
178,2021/05/19 12:48:46,0,16.33,6.9
179,2021/05/19 12:48:56,0,16.34,6.9
180,2021/05/19 12:49:06,0,16.32,6.9
181,2021/05/19 12:49:16,0,16.33,6.9
182,2021/05/19 12:49:26,0,16.34,6.92
183,2021/05/19 12:49:36,0,16.31,6.9
184,2021/05/19 12:49:46,0,16.29,6.89
185,2021/05/19 12:49:56,0,16.23,6.86
186,2021/05/19 12:50:06,0,16.22,6.85
187,2021/05/19 12:50:16,0,16.19,6.84
188,2021/05/19 12:50:26,0,16.19,6.84
189,2021/05/19 12:50:36,0,16.2,6.84
190,2021/05/19 12:50:46,0,16.21,6.85
191,2021/05/19 12:50:56,0,16.21,6.85
192,2021/05/19 12:51:06,0,16.17,6.85
193,2021/05/19 12:51:16,0,16.17,6.84
194,2021/05/19 12:51:26,0,16.15,6.84
195,2021/05/19 12:51:36,0,16.12,6.83
196,2021/05/19 12:51:46,0,16.16,6.84
197,2021/05/19 12:51:56,0,16.14,6.83
198,2021/05/19 12:52:06,0,16.14,6.82
199,2021/05/19 12:52:16,0,16.15,6.82
200,2021/05/19 12:52:26,0,16.09,6.79
201,2021/05/19 12:52:36,0,16.12,6.79
202,2021/05/19 12:52:46,0,16.15,6.81
203,2021/05/19 12:52:56,0,16.14,6.81
204,2021/05/19 12:53:06,0,16.17,6.82
205,2021/05/19 12:53:16,0,16.15,6.82
206,2021/05/19 12:53:26,0,16.15,6.82
207,2021/05/19 12:53:36,0,16.19,6.83
208,2021/05/19 12:53:46,0,16.19,6.83
209,2021/05/19 12:53:56,0,16.21,6.86
210,2021/05/19 12:54:06,0,16.25,6.86
211,2021/05/19 12:54:16,0,16.27,6.88
212,2021/05/19 12:54:26,0,16.27,6.88
213,2021/05/19 12:54:36,0,16.28,6.89
214,2021/05/19 12:54:46,0,16.28,6.89
215,2021/05/19 12:54:56,0,16.29,6.9
216,2021/05/19 12:55:06,0,16.29,6.9
217,2021/05/19 12:55:16,0,16.29,6.9
218,2021/05/19 12:55:26,0,16.29,6.89
219,2021/05/19 12:55:36,0,16.29,6.89
220,2021/05/19 12:55:46,0,16.31,6.91
221,2021/05/19 12:55:56,0,16.32,6.91
222,2021/05/19 12:56:06,0,16.32,6.91
223,2021/05/19 12:56:16,0,16.3,6.9
224,2021/05/19 12:56:26,0,16.3,6.9
225,2021/05/19 12:56:36,0,16.29,6.9
226,2021/05/19 12:56:46,0,16.28,6.89
227,2021/05/19 12:56:56,0,16.28,6.88
228,2021/05/19 12:57:06,0,16.27,6.88
229,2021/05/19 12:57:16,0,16.26,6.88
230,2021/05/19 12:57:26,0,16.27,6.88
231,2021/05/19 12:57:36,0,16.27,6.88
232,2021/05/19 12:57:46,0,16.26,6.89
233,2021/05/19 12:57:56,0,16.28,6.89
234,2021/05/19 12:58:06,0,16.28,6.89
235,2021/05/19 12:58:16,0,16.29,6.88
236,2021/05/19 12:58:26,0,16.3,6.9
237,2021/05/19 12:58:36,0,16.31,6.91
238,2021/05/19 12:58:46,0,16.31,6.9
239,2021/05/19 12:58:56,0,16.31,6.92
240,2021/05/19 12:59:06,0,16.34,6.92
241,2021/05/19 12:59:16,0,16.34,6.92
242,2021/05/19 12:59:26,0,16.35,6.92
243,2021/05/19 12:59:36,0,16.37,6.93
244,2021/05/19 12:59:46,0,16.37,6.93
245,2021/05/19 12:59:56,0,16.4,6.95
246,2021/05/19 13:00:06,0,16.4,6.96
247,2021/05/19 13:00:16,0,16.4,6.96
248,2021/05/19 13:00:26,0,16.38,6.94
249,2021/05/19 13:00:36,0,16.39,6.94
250,2021/05/19 13:00:46,0,16.39,6.94
251,2021/05/19 13:00:56,0,16.41,6.96
252,2021/05/19 13:01:06,0,16.41,6.96
253,2021/05/19 13:01:16,0,16.42,6.96
254,2021/05/19 13:01:26,0,16.43,6.96
255,2021/05/19 13:01:36,0,16.43,6.97
256,2021/05/19 13:01:46,0,16.44,6.98
257,2021/05/19 13:01:56,0,16.4,6.95
258,2021/05/19 13:02:06,0,16.39,6.95
259,2021/05/19 13:02:16,0,16.39,6.94
260,2021/05/19 13:02:26,0,16.4,6.96
261,2021/05/19 13:02:36,0,16.4,6.95
262,2021/05/19 13:02:46,0,16.4,6.94
263,2021/05/19 13:02:56,0,16.38,6.95
264,2021/05/19 13:03:06,0,16.37,6.93
265,2021/05/19 13:03:16,0,16.38,6.93
266,2021/05/19 13:03:26,0,16.36,6.92
267,2021/05/19 13:03:36,0,16.35,6.92
268,2021/05/19 13:03:46,0,16.34,6.9
269,2021/05/19 13:03:56,0,16.32,6.89
270,2021/05/19 13:04:06,0,16.32,6.9
271,2021/05/19 13:04:16,0,16.33,6.9
272,2021/05/19 13:04:26,0,16.34,6.91
273,2021/05/19 13:04:36,0,16.34,6.91
274,2021/05/19 13:04:46,0,16.32,6.91
275,2021/05/19 13:04:56,0,16.25,6.88
276,2021/05/19 13:05:06,0,16.23,6.87
277,2021/05/19 13:05:16,0,16.26,6.89
278,2021/05/19 13:05:26,0,16.31,6.9
279,2021/05/19 13:05:36,0,16.34,6.93
280,2021/05/19 13:05:46,0,16.36,6.93
281,2021/05/19 13:05:56,0,16.37,6.95
282,2021/05/19 13:06:06,0,16.38,6.95
283,2021/05/19 13:06:16,0,16.38,6.94
284,2021/05/19 13:06:26,0,16.37,6.94
285,2021/05/19 13:06:36,0,16.35,6.93
286,2021/05/19 13:06:46,0,16.36,6.93
287,2021/05/19 13:06:56,0,16.35,6.93
288,2021/05/19 13:07:06,0,16.34,6.91
289,2021/05/19 13:07:16,0,16.33,6.9
290,2021/05/19 13:07:26,0,16.33,6.9
291,2021/05/19 13:07:36,0,16.34,6.9
292,2021/05/19 13:07:46,0,16.32,6.89
293,2021/05/19 13:07:56,0,16.31,6.9
294,2021/05/19 13:08:06,0,16.33,6.9
295,2021/05/19 13:08:16,0,16.31,6.9
296,2021/05/19 13:08:26,0,16.34,6.91
297,2021/05/19 13:08:36,0,16.34,6.93
298,2021/05/19 13:08:46,0,16.34,6.91
299,2021/05/19 13:08:56,0,16.33,6.92
300,2021/05/19 13:09:06,0,16.34,6.93
301,2021/05/19 13:09:16,0,16.33,6.92
302,2021/05/19 13:09:26,0,16.34,6.93
303,2021/05/19 13:09:36,0,16.34,6.93
304,2021/05/19 13:09:46,0,16.34,6.92
305,2021/05/19 13:09:56,0,16.32,6.9
306,2021/05/19 13:10:06,0,16.32,6.9
307,2021/05/19 13:10:16,0,16.34,6.91
308,2021/05/19 13:10:26,0,16.32,6.9
309,2021/05/19 13:10:36,0,16.31,6.9
310,2021/05/19 13:10:46,0,16.31,6.9
311,2021/05/19 13:10:56,0,16.3,6.89
312,2021/05/19 13:11:06,0,16.3,6.88
313,2021/05/19 13:11:16,0,16.31,6.9
314,2021/05/19 13:11:26,0,16.32,6.91
315,2021/05/19 13:11:36,0,16.31,6.9
316,2021/05/19 13:11:46,0,16.31,6.9
317,2021/05/19 13:11:56,0,16.3,6.9
318,2021/05/19 13:12:06,0,16.3,6.89
319,2021/05/19 13:12:16,0,16.31,6.89
320,2021/05/19 13:12:26,0,16.3,6.89
321,2021/05/19 13:12:36,0,16.29,6.89
322,2021/05/19 13:12:46,0,16.3,6.89
323,2021/05/19 13:12:56,0,16.28,6.88
324,2021/05/19 13:13:06,0,16.27,6.88
325,2021/05/19 13:13:16,0,16.27,6.87
326,2021/05/19 13:13:26,0,16.29,6.88
327,2021/05/19 13:13:36,0,16.29,6.88
328,2021/05/19 13:13:46,0,16.29,6.88
329,2021/05/19 13:13:56,0,16.28,6.87
330,2021/05/19 13:14:06,0,16.27,6.88
331,2021/05/19 13:14:16,0,16.27,6.88
332,2021/05/19 13:14:26,0,16.29,6.89
333,2021/05/19 13:14:36,0,16.29,6.89
334,2021/05/19 13:14:46,0,16.29,6.9
335,2021/05/19 13:14:56,0,16.3,6.9
336,2021/05/19 13:15:06,0,16.31,6.91
337,2021/05/19 13:15:16,0,16.31,6.9
338,2021/05/19 13:15:26,0,16.31,6.91
339,2021/05/19 13:15:36,0,16.28,6.9
340,2021/05/19 13:15:46,0,16.3,6.9
341,2021/05/19 13:15:56,0,16.29,6.9
342,2021/05/19 13:16:06,0,16.31,6.9
343,2021/05/19 13:16:16,0,16.31,6.9
344,2021/05/19 13:16:26,0,16.29,6.89
345,2021/05/19 13:16:36,0,16.29,6.9
346,2021/05/19 13:16:46,0,16.23,6.9
347,2021/05/19 13:16:56,0,16.34,6.91
348,2021/05/19 13:17:06,0,16.3,6.91
349,2021/05/19 13:17:16,0,16.31,6.9
350,2021/05/19 13:17:26,0,16.3,6.9
351,2021/05/19 13:17:36,0,16.31,6.9
352,2021/05/19 13:17:46,0,16.31,6.91
353,2021/05/19 13:17:56,0,16.33,6.92
354,2021/05/19 13:18:06,0,16.34,6.91
355,2021/05/19 13:18:16,0,16.31,6.9
356,2021/05/19 13:18:26,0,16.31,6.91
357,2021/05/19 13:18:36,0,16.32,6.91
358,2021/05/19 13:18:46,0,16.35,6.93
359,2021/05/19 13:18:56,0,16.34,6.93
360,2021/05/19 13:19:06,0,16.37,6.95
361,2021/05/19 13:19:16,0,16.36,6.94
362,2021/05/19 13:19:26,0,16.35,6.94
363,2021/05/19 13:19:36,0,16.36,6.95
364,2021/05/19 13:19:46,0,16.36,6.94
365,2021/05/19 13:19:56,0,16.35,6.94
366,2021/05/19 13:20:06,0,16.35,6.94
367,2021/05/19 13:20:16,0,16.35,6.94
368,2021/05/19 13:20:26,0,16.23,6.93
369,2021/05/19 13:20:36,0,16.32,6.92
370,2021/05/19 13:20:46,0,16.3,6.91
371,2021/05/19 13:20:56,0,16.32,6.92
372,2021/05/19 13:21:06,0,16.32,6.93
373,2021/05/19 13:21:16,0,16.31,6.92
374,2021/05/19 13:21:26,0,16.32,6.92
375,2021/05/19 13:21:36,0,16.33,6.92
376,2021/05/19 13:21:46,0,16.33,6.92
377,2021/05/19 13:21:56,0,16.32,6.93
378,2021/05/19 13:22:06,0,16.34,6.93
379,2021/05/19 13:22:16,0,16.32,6.92
380,2021/05/19 13:22:26,0,16.34,6.92
381,2021/05/19 13:22:36,0,16.32,6.92
382,2021/05/19 13:22:46,0,16.32,6.9
383,2021/05/19 13:22:56,0,16.29,6.9
384,2021/05/19 13:23:06,0,16.29,6.9
385,2021/05/19 13:23:16,0,16.29,6.89
386,2021/05/19 13:23:26,0,16.29,6.9
387,2021/05/19 13:23:36,0,16.3,6.9
388,2021/05/19 13:23:46,0,16.17,6.9
389,2021/05/19 13:23:56,0,16.3,6.9
390,2021/05/19 13:24:06,0,16.22,6.9
391,2021/05/19 13:24:16,0,16.31,6.9
392,2021/05/19 13:24:26,0,16.28,6.89
393,2021/05/19 13:24:36,0,16.27,6.89
394,2021/05/19 13:24:46,0,16.19,6.89
395,2021/05/19 13:24:56,0,16.25,6.89
396,2021/05/19 13:25:06,0,16.24,6.88
397,2021/05/19 13:25:16,0,16.25,6.88
398,2021/05/19 13:25:26,0,16.24,6.88
399,2021/05/19 13:25:36,0,16.22,6.87
400,2021/05/19 13:25:46,0,16.25,6.87
401,2021/05/19 13:25:56,0,16.21,6.87
402,2021/05/19 13:26:06,0,16.19,6.86
403,2021/05/19 13:26:16,0,16.19,6.85
404,2021/05/19 13:26:26,0,16.16,6.84
405,2021/05/19 13:26:36,0,16.16,6.85
406,2021/05/19 13:26:46,0,16.17,6.86
407,2021/05/19 13:26:56,0,16.17,6.86
408,2021/05/19 13:27:06,0,16.14,6.85
409,2021/05/19 13:27:16,0,16.16,6.86
410,2021/05/19 13:27:26,0,16.2,6.88
411,2021/05/19 13:27:36,0,16.2,6.88
412,2021/05/19 13:27:46,0,16.23,6.89
413,2021/05/19 13:27:56,0,16.21,6.88
414,2021/05/19 13:28:06,0,16.25,6.89
415,2021/05/19 13:28:16,0,16.22,6.88
416,2021/05/19 13:28:26,0,16.22,6.88
417,2021/05/19 13:28:36,0,16.24,6.89
418,2021/05/19 13:28:46,0,16.21,6.88
419,2021/05/19 13:28:56,0,16.18,6.88
420,2021/05/19 13:29:06,0,16.23,6.88
421,2021/05/19 13:29:16,0,16.2,6.87
422,2021/05/19 13:29:26,0,16.2,6.86
423,2021/05/19 13:29:36,0,16.2,6.87
424,2021/05/19 13:29:46,0,16.19,6.88
425,2021/05/19 13:29:56,0,16.2,6.88
426,2021/05/19 13:30:06,0,16.2,6.86
427,2021/05/19 13:30:16,0,16.18,6.86
428,2021/05/19 13:30:26,0,16.17,6.85
429,2021/05/19 13:30:36,0,16.13,6.84
430,2021/05/19 13:30:46,0,16.14,6.85
431,2021/05/19 13:30:56,0,16.13,6.84
432,2021/05/19 13:31:06,0,16.17,6.85
433,2021/05/19 13:31:16,0,16.17,6.86
434,2021/05/19 13:31:26,0,16.14,6.85
435,2021/05/19 13:31:36,0,16.13,6.85
436,2021/05/19 13:31:46,0,16.14,6.86
437,2021/05/19 13:31:56,0,16.14,6.87
438,2021/05/19 13:32:06,0,16.16,6.87
439,2021/05/19 13:32:16,0,16.16,6.87
440,2021/05/19 13:32:26,0,16.15,6.86
441,2021/05/19 13:32:36,0,16.18,6.88
442,2021/05/19 13:32:46,0,16.18,6.88
443,2021/05/19 13:32:56,0,16.17,6.88
444,2021/05/19 13:33:06,0,16.18,6.88
445,2021/05/19 13:33:16,0,16.17,6.88
446,2021/05/19 13:33:26,0,16.17,6.88
447,2021/05/19 13:33:36,0,16.16,6.86
448,2021/05/19 13:33:46,0,16.16,6.86
449,2021/05/19 13:33:56,0,16.17,6.86
450,2021/05/19 13:34:06,0,16.14,6.84
451,2021/05/19 13:34:16,0,16.17,6.85
452,2021/05/19 13:34:26,0,16.16,6.83
453,2021/05/19 13:34:36,0,16.16,6.84
454,2021/05/19 13:34:46,0,16.18,6.85
455,2021/05/19 13:34:56,0,16.18,6.85
456,2021/05/19 13:35:06,0,16.19,6.85
457,2021/05/19 13:35:16,0,16.09,6.85
458,2021/05/19 13:35:26,0,16.19,6.85
459,2021/05/19 13:35:36,0,16.17,6.85
460,2021/05/19 13:35:46,0,16.19,6.86
461,2021/05/19 13:35:56,0,16.2,6.87
462,2021/05/19 13:36:06,0,16.21,6.86
463,2021/05/19 13:36:16,0,16.21,6.87
464,2021/05/19 13:36:26,0,16.22,6.87
465,2021/05/19 13:36:36,0,16.23,6.86
466,2021/05/19 13:36:46,0,16.22,6.87
467,2021/05/19 13:36:56,0,16.23,6.87
468,2021/05/19 13:37:06,0,16.24,6.88
469,2021/05/19 13:37:16,0,16.24,6.88
470,2021/05/19 13:37:26,0,16.24,6.87
471,2021/05/19 13:37:36,0,16.23,6.87
472,2021/05/19 13:37:46,0,16.22,6.87
473,2021/05/19 13:37:56,0,16.23,6.86
474,2021/05/19 13:38:06,0,16.24,6.87
475,2021/05/19 13:38:16,0,16.23,6.86
476,2021/05/19 13:38:26,0,16.23,6.88
477,2021/05/19 13:38:36,0,16.24,6.9
478,2021/05/19 13:38:46,0,16.25,6.89
479,2021/05/19 13:38:56,0,15.95,6.78
480,2021/05/19 13:39:06,0,16.17,6.85
481,2021/05/19 13:39:16,0,16.2,6.87
482,2021/05/19 13:39:26,0,16.2,6.86
483,2021/05/19 13:39:36,0,16.2,6.86
484,2021/05/19 13:39:46,0,16.21,6.85
485,2021/05/19 13:39:56,0,16.18,6.86
486,2021/05/19 13:40:06,0,16.18,6.85
487,2021/05/19 13:40:16,0,16.17,6.84
488,2021/05/19 13:40:26,0,16.15,6.82
489,2021/05/19 13:40:36,0,16.14,6.82
490,2021/05/19 13:40:46,0,16.15,6.82
491,2021/05/19 13:40:56,0,16.12,6.82
492,2021/05/19 13:41:06,0,16.13,6.83
493,2021/05/19 13:41:16,0,16.14,6.83
494,2021/05/19 13:41:26,0,16.14,6.83
495,2021/05/19 13:41:36,0,16.14,6.84
496,2021/05/19 13:41:46,0,16.13,6.82
497,2021/05/19 13:41:56,0,16.12,6.81
498,2021/05/19 13:42:06,0,16.12,6.82
499,2021/05/19 13:42:16,0,16.08,6.79
500,2021/05/19 13:42:26,0,16.06,6.8
501,2021/05/19 13:42:36,0,16.08,6.82
502,2021/05/19 13:42:46,0,16.09,6.81
503,2021/05/19 13:42:56,0,16.1,6.82
504,2021/05/19 13:43:06,0,16.09,6.81
505,2021/05/19 13:43:16,0,16.08,6.81
506,2021/05/19 13:43:26,0,16.09,6.81
507,2021/05/19 13:43:36,0,16.09,6.82
508,2021/05/19 13:43:46,0,16.07,6.8
509,2021/05/19 13:43:56,0,16.08,6.81
510,2021/05/19 13:44:06,0,16.08,6.8
511,2021/05/19 13:44:16,0,16.06,6.79
512,2021/05/19 13:44:26,0,16.1,6.81
513,2021/05/19 13:44:36,0,16.12,6.84
514,2021/05/19 13:44:46,0,16.11,6.83
515,2021/05/19 13:44:56,0,16.09,6.83
516,2021/05/19 13:45:06,0,16.09,6.84
517,2021/05/19 13:45:16,0,16.07,6.84
518,2021/05/19 13:45:26,0,16.11,6.85
519,2021/05/19 13:45:36,0,16.08,6.85
520,2021/05/19 13:45:46,0,16.09,6.84
521,2021/05/19 13:45:56,0,16.09,6.84
522,2021/05/19 13:46:06,0,16.07,6.85
523,2021/05/19 13:46:16,0,16.06,6.84
524,2021/05/19 13:46:26,0,16.07,6.84
525,2021/05/19 13:46:36,0,16.09,6.85
526,2021/05/19 13:46:46,0,16.06,6.83
527,2021/05/19 13:46:56,0,16.06,6.84
528,2021/05/19 13:47:06,0,16.07,6.83
529,2021/05/19 13:47:16,0,16.08,6.83
530,2021/05/19 13:47:26,0,16.11,6.82
531,2021/05/19 13:47:36,0,16.07,6.82
532,2021/05/19 13:47:46,0,16.07,6.82
533,2021/05/19 13:47:56,0,16.07,6.82
534,2021/05/19 13:48:06,0,16.08,6.82
535,2021/05/19 13:48:16,0,16.08,6.82
536,2021/05/19 13:48:26,0,16.08,6.81
537,2021/05/19 13:48:36,0,16.07,6.81
538,2021/05/19 13:48:46,0,16.06,6.8
539,2021/05/19 13:48:56,0,16.02,6.77
540,2021/05/19 13:49:06,0,16.02,6.78
541,2021/05/19 13:49:16,0,16.02,6.78
542,2021/05/19 13:49:26,0,16.02,6.79
543,2021/05/19 13:49:36,0,16.03,6.79
544,2021/05/19 13:49:46,0,16.04,6.8
545,2021/05/19 13:49:56,0,16.05,6.8
546,2021/05/19 13:50:06,0,16.05,6.82
547,2021/05/19 13:50:16,0,16.05,6.82
548,2021/05/19 13:50:26,0,16.02,6.8
549,2021/05/19 13:50:36,0,15.99,6.79
550,2021/05/19 13:50:46,0,15.98,6.79
551,2021/05/19 13:50:56,0,15.95,6.77
552,2021/05/19 13:51:06,0,15.95,6.76
553,2021/05/19 13:51:16,0,15.95,6.76
554,2021/05/19 13:51:26,0,15.96,6.76
555,2021/05/19 13:51:36,0,15.93,6.76
556,2021/05/19 13:51:46,0,15.92,6.75
557,2021/05/19 13:51:56,0,15.93,6.75
558,2021/05/19 13:52:06,0,15.94,6.76
559,2021/05/19 13:52:16,0,15.92,6.76
560,2021/05/19 13:52:26,0,15.92,6.74
561,2021/05/19 13:52:36,0,15.93,6.75
562,2021/05/19 13:52:46,0,15.94,6.75
563,2021/05/19 13:52:56,0,15.95,6.75
564,2021/05/19 13:53:06,0,15.95,6.77
565,2021/05/19 13:53:16,0,15.97,6.77
566,2021/05/19 13:53:26,0,15.98,6.78
567,2021/05/19 13:53:36,0,15.99,6.79
568,2021/05/19 13:53:46,0,15.96,6.78
569,2021/05/19 13:53:56,0,15.97,6.77
570,2021/05/19 13:54:06,0,15.99,6.79
571,2021/05/19 13:54:16,0,15.97,6.78
572,2021/05/19 13:54:26,0,15.97,6.79
573,2021/05/19 13:54:36,0,15.98,6.79
574,2021/05/19 13:54:46,0,16.02,6.81
575,2021/05/19 13:54:56,0,16.01,6.79
576,2021/05/19 13:55:06,0,16.01,6.8
577,2021/05/19 13:55:16,0,16.03,6.81
578,2021/05/19 13:55:26,0,16.0,6.79
579,2021/05/19 13:55:36,0,16.0,6.79
580,2021/05/19 13:55:46,0,16.01,6.79
581,2021/05/19 13:55:56,0,15.98,6.77
582,2021/05/19 13:56:06,0,15.98,6.78
583,2021/05/19 13:56:16,0,15.99,6.79
584,2021/05/19 13:56:26,0,15.95,6.77
585,2021/05/19 13:56:36,0,15.91,6.75
586,2021/05/19 13:56:46,0,15.88,6.75
587,2021/05/19 13:56:56,0,15.85,6.73
588,2021/05/19 13:57:06,0,15.85,6.73
589,2021/05/19 13:57:16,0,15.8,6.72
590,2021/05/19 13:57:26,0,15.82,6.71
591,2021/05/19 13:57:36,0,15.76,6.69
592,2021/05/19 13:57:46,0,15.71,6.67
593,2021/05/19 13:57:56,0,15.75,6.68
594,2021/05/19 13:58:06,0,15.75,6.68
595,2021/05/19 13:58:16,0,15.8,6.7
596,2021/05/19 13:58:26,0,15.85,6.71
597,2021/05/19 13:58:36,0,15.89,6.73
598,2021/05/19 13:58:46,0,15.86,6.73
599,2021/05/19 13:58:56,0,15.79,6.7
600,2021/05/19 13:59:06,0,15.73,6.68
601,2021/05/19 13:59:16,0,15.71,6.66
602,2021/05/19 13:59:26,0,15.65,6.65
603,2021/05/19 13:59:36,0,15.67,6.65
604,2021/05/19 13:59:46,0,15.73,6.67
605,2021/05/19 13:59:56,0,15.7,6.65
606,2021/05/19 14:00:06,0,15.72,6.66
607,2021/05/19 14:00:16,0,15.67,6.64
608,2021/05/19 14:00:26,0,15.63,6.62
609,2021/05/19 14:00:36,0,15.54,6.58
610,2021/05/19 14:00:46,0,15.61,6.62
611,2021/05/19 14:00:56,0,15.68,6.65
612,2021/05/19 14:01:06,0,15.66,6.64
613,2021/05/19 14:01:16,0,15.46,6.57
614,2021/05/19 14:01:26,0,15.47,6.56
615,2021/05/19 14:01:36,0,15.31,6.51
616,2021/05/19 14:01:46,0,15.29,6.5
617,2021/05/19 14:01:56,0,15.46,6.57
618,2021/05/19 14:02:06,0,15.41,6.56
619,2021/05/19 14:02:16,0,15.34,6.53
620,2021/05/19 14:02:26,0,15.4,6.56
621,2021/05/19 14:02:36,0,15.57,6.63
622,2021/05/19 14:02:46,0,15.44,6.58
623,2021/05/19 14:02:56,0,15.38,6.55
624,2021/05/19 14:03:06,0,15.31,6.52
625,2021/05/19 14:03:16,0,15.53,6.61
626,2021/05/19 14:03:26,0,15.61,6.64
627,2021/05/19 14:03:36,0,15.54,6.62
628,2021/05/19 14:03:46,0,15.72,6.68
629,2021/05/19 14:03:56,0,15.65,6.67
630,2021/05/19 14:04:06,0,15.48,6.61
631,2021/05/19 14:04:16,0,15.57,6.63
632,2021/05/19 14:04:26,0,15.85,6.75
633,2021/05/19 14:04:36,0,15.94,6.78
634,2021/05/19 14:04:46,0,15.93,6.77
635,2021/05/19 14:04:56,0,15.99,6.8
636,2021/05/19 14:05:06,0,15.87,6.75
637,2021/05/19 14:05:16,0,15.94,6.79
638,2021/05/19 14:05:26,0,15.89,6.76
639,2021/05/19 14:05:36,0,15.93,6.77
640,2021/05/19 14:05:46,0,15.9,6.77
641,2021/05/19 14:05:56,0,15.87,6.75
642,2021/05/19 14:06:06,0,15.86,6.75
643,2021/05/19 14:06:16,0,15.86,6.75
644,2021/05/19 14:06:26,0,15.85,6.75
645,2021/05/19 14:06:36,0,15.86,6.75
646,2021/05/19 14:06:46,0,15.83,6.74
647,2021/05/19 14:06:56,0,15.8,6.73
648,2021/05/19 14:07:06,0,15.79,6.73
649,2021/05/19 14:07:16,0,15.82,6.74
650,2021/05/19 14:07:26,0,15.78,6.72
651,2021/05/19 14:07:36,0,15.81,6.72
652,2021/05/19 14:07:46,0,15.83,6.74
653,2021/05/19 14:07:56,0,15.85,6.74
654,2021/05/19 14:08:06,0,15.86,6.75
655,2021/05/19 14:08:16,0,15.88,6.77
656,2021/05/19 14:08:26,0,15.87,6.76
657,2021/05/19 14:08:36,0,15.87,6.76
658,2021/05/19 14:08:46,0,15.85,6.75
659,2021/05/19 14:08:56,0,15.86,6.75
660,2021/05/19 14:09:06,0,15.83,6.74
661,2021/05/19 14:09:16,0,15.83,6.74
662,2021/05/19 14:09:26,0,15.81,6.73
663,2021/05/19 14:09:36,0,15.81,6.73
664,2021/05/19 14:09:46,0,15.86,6.74
665,2021/05/19 14:09:56,0,15.88,6.76
666,2021/05/19 14:10:06,0,15.89,6.76
667,2021/05/19 14:10:16,0,15.89,6.78
668,2021/05/19 14:10:26,0,15.91,6.78
669,2021/05/19 14:10:36,0,15.86,6.76
670,2021/05/19 14:10:46,0,15.85,6.74
671,2021/05/19 14:10:56,0,15.85,6.74
672,2021/05/19 14:11:06,0,15.86,6.75
673,2021/05/19 14:11:16,0,15.85,6.75
674,2021/05/19 14:11:26,0,15.83,6.74
675,2021/05/19 14:11:36,0,15.82,6.73
676,2021/05/19 14:11:46,0,15.82,6.73
677,2021/05/19 14:11:56,0,15.81,6.71
678,2021/05/19 14:12:06,0,15.8,6.71
679,2021/05/19 14:12:16,0,15.8,6.71
680,2021/05/19 14:12:26,0,15.82,6.73
681,2021/05/19 14:12:36,0,15.81,6.71
682,2021/05/19 14:12:46,0,15.8,6.72
683,2021/05/19 14:12:56,0,15.8,6.71
684,2021/05/19 14:13:06,0,15.8,6.71
685,2021/05/19 14:13:16,0,15.79,6.7
686,2021/05/19 14:13:26,0,15.8,6.71
687,2021/05/19 14:13:36,0,15.8,6.71
688,2021/05/19 14:13:46,0,15.8,6.71
689,2021/05/19 14:13:56,0,15.79,6.71
690,2021/05/19 14:14:06,0,15.78,6.71
691,2021/05/19 14:14:16,0,15.78,6.71
692,2021/05/19 14:14:26,0,15.78,6.7
693,2021/05/19 14:14:36,0,15.75,6.68
694,2021/05/19 14:14:46,0,15.75,6.67
695,2021/05/19 14:14:56,0,15.75,6.68
696,2021/05/19 14:15:06,0,15.73,6.67
697,2021/05/19 14:15:16,0,15.72,6.66
698,2021/05/19 14:15:26,0,15.69,6.65
699,2021/05/19 14:15:36,0,15.68,6.64
700,2021/05/19 14:15:46,0,15.66,6.64
701,2021/05/19 14:15:56,0,15.65,6.62
702,2021/05/19 14:16:06,0,15.65,6.62
703,2021/05/19 14:16:16,0,15.65,6.63
704,2021/05/19 14:16:26,0,15.63,6.62
705,2021/05/19 14:16:36,0,15.63,6.61
706,2021/05/19 14:16:46,0,15.64,6.63
707,2021/05/19 14:16:56,0,15.65,6.63
708,2021/05/19 14:17:06,0,15.66,6.64
709,2021/05/19 14:17:16,0,15.66,6.64
710,2021/05/19 14:17:26,0,15.63,6.62
711,2021/05/19 14:17:36,0,15.64,6.63
712,2021/05/19 14:17:46,0,15.63,6.62
713,2021/05/19 14:17:56,0,15.64,6.62
714,2021/05/19 14:18:06,0,15.63,6.62
715,2021/05/19 14:18:16,0,15.63,6.62
716,2021/05/19 14:18:26,0,15.62,6.62
717,2021/05/19 14:18:36,0,15.61,6.62
718,2021/05/19 14:18:46,0,15.61,6.63
719,2021/05/19 14:18:56,0,15.63,6.63
720,2021/05/19 14:19:06,0,15.63,6.64
721,2021/05/19 14:19:16,0,15.61,6.62
722,2021/05/19 14:19:26,0,15.62,6.63
723,2021/05/19 14:19:36,0,15.63,6.62
724,2021/05/19 14:19:46,0,15.62,6.64
725,2021/05/19 14:19:56,0,15.63,6.62
726,2021/05/19 14:20:06,0,15.63,6.62
727,2021/05/19 14:20:16,0,15.61,6.61
728,2021/05/19 14:20:26,0,15.62,6.62
729,2021/05/19 14:20:36,0,15.62,6.62
730,2021/05/19 14:20:46,0,15.61,6.62
731,2021/05/19 14:20:56,0,15.6,6.62
732,2021/05/19 14:21:06,0,15.61,6.62
733,2021/05/19 14:21:16,0,15.6,6.61
734,2021/05/19 14:21:26,0,15.59,6.61
735,2021/05/19 14:21:36,0,15.61,6.62
736,2021/05/19 14:21:46,0,15.61,6.61
737,2021/05/19 14:21:56,0,15.59,6.61
738,2021/05/19 14:22:06,0,15.59,6.59
739,2021/05/19 14:22:16,0,15.59,6.59
740,2021/05/19 14:22:26,0,15.58,6.59
741,2021/05/19 14:22:36,0,15.57,6.59
742,2021/05/19 14:22:46,0,15.56,6.59
743,2021/05/19 14:22:56,0,15.56,6.58
744,2021/05/19 14:23:06,0,15.56,6.59
745,2021/05/19 14:23:16,0,15.56,6.59
746,2021/05/19 14:23:26,0,15.56,6.59
747,2021/05/19 14:23:36,0,15.55,6.59
748,2021/05/19 14:23:46,0,15.55,6.59
749,2021/05/19 14:23:56,0,15.55,6.59
750,2021/05/19 14:24:06,0,15.55,6.59
751,2021/05/19 14:24:16,0,15.55,6.59
752,2021/05/19 14:24:26,0,15.52,6.58
753,2021/05/19 14:24:36,0,15.52,6.57
754,2021/05/19 14:24:46,0,15.53,6.59
755,2021/05/19 14:24:56,0,15.5,6.58
756,2021/05/19 14:25:06,0,15.51,6.58
757,2021/05/19 14:25:16,0,15.49,6.57
758,2021/05/19 14:25:26,0,15.47,6.57
759,2021/05/19 14:25:36,0,15.46,6.56
760,2021/05/19 14:25:46,0,15.48,6.56
761,2021/05/19 14:25:56,0,15.49,6.57
762,2021/05/19 14:26:06,0,15.48,6.56
763,2021/05/19 14:26:16,0,15.49,6.56
764,2021/05/19 14:26:26,0,15.49,6.58
765,2021/05/19 14:26:36,0,15.48,6.59
766,2021/05/19 14:26:46,0,15.46,6.58
767,2021/05/19 14:26:56,0,15.48,6.58
768,2021/05/19 14:27:06,0,15.46,6.57
769,2021/05/19 14:27:16,0,15.45,6.56
770,2021/05/19 14:27:26,0,15.44,6.56
771,2021/05/19 14:27:36,0,15.44,6.56
772,2021/05/19 14:27:46,0,15.44,6.55
773,2021/05/19 14:27:56,0,15.43,6.54
774,2021/05/19 14:28:06,0,15.42,6.54
775,2021/05/19 14:28:16,0,15.43,6.54
776,2021/05/19 14:28:26,0,15.41,6.55
777,2021/05/19 14:28:36,0,15.41,6.55
778,2021/05/19 14:28:46,0,15.4,6.53
779,2021/05/19 14:28:56,0,15.39,6.52
780,2021/05/19 14:29:06,0,15.38,6.52
781,2021/05/19 14:29:16,0,15.37,6.51
782,2021/05/19 14:29:26,0,15.39,6.53
783,2021/05/19 14:29:36,0,15.37,6.51
784,2021/05/19 14:29:46,0,15.37,6.51
785,2021/05/19 14:29:56,0,15.32,6.48
786,2021/05/19 14:30:06,0,15.33,6.48
787,2021/05/19 14:30:16,0,15.31,6.48
788,2021/05/19 14:30:26,0,15.3,6.48
789,2021/05/19 14:30:36,0,15.32,6.48
790,2021/05/19 14:30:46,0,15.29,6.48
791,2021/05/19 14:30:56,0,15.31,6.48
792,2021/05/19 14:31:06,0,15.32,6.49
793,2021/05/19 14:31:16,0,15.33,6.5
794,2021/05/19 14:31:26,0,15.32,6.5
795,2021/05/19 14:31:36,0,15.33,6.51
796,2021/05/19 14:31:46,0,15.32,6.5
797,2021/05/19 14:31:56,0,15.31,6.49
798,2021/05/19 14:32:06,0,15.3,6.49
799,2021/05/19 14:32:16,0,15.31,6.49
800,2021/05/19 14:32:26,0,15.33,6.49
801,2021/05/19 14:32:36,0,15.32,6.49
802,2021/05/19 14:32:46,0,15.3,6.49
803,2021/05/19 14:32:56,0,15.3,6.48
804,2021/05/19 14:33:06,0,15.29,6.48
805,2021/05/19 14:33:16,0,15.29,6.48
806,2021/05/19 14:33:26,0,15.29,6.48
807,2021/05/19 14:33:36,0,15.28,6.47
808,2021/05/19 14:33:46,0,15.28,6.48
809,2021/05/19 14:33:56,0,15.29,6.47
810,2021/05/19 14:34:06,0,15.3,6.48
811,2021/05/19 14:34:16,0,15.29,6.47
812,2021/05/19 14:34:26,0,15.29,6.47
813,2021/05/19 14:34:36,0,15.3,6.47
814,2021/05/19 14:34:46,0,15.31,6.48
815,2021/05/19 14:34:56,0,15.31,6.49
816,2021/05/19 14:35:06,0,15.32,6.5
817,2021/05/19 14:35:16,0,15.32,6.51
818,2021/05/19 14:35:26,0,15.35,6.51
819,2021/05/19 14:35:36,0,15.34,6.51
820,2021/05/19 14:35:46,0,15.35,6.53
821,2021/05/19 14:35:56,0,15.36,6.52
822,2021/05/19 14:36:06,0,15.37,6.54
823,2021/05/19 14:36:16,0,15.38,6.54
824,2021/05/19 14:36:26,0,15.4,6.56
825,2021/05/19 14:36:36,0,15.37,6.54
826,2021/05/19 14:36:46,0,15.35,6.53
827,2021/05/19 14:36:56,0,15.35,6.52
828,2021/05/19 14:37:06,0,15.34,6.51
829,2021/05/19 14:37:16,0,15.32,6.5
830,2021/05/19 14:37:26,0,15.33,6.5
831,2021/05/19 14:37:36,0,15.31,6.49
832,2021/05/19 14:37:46,0,15.3,6.48
833,2021/05/19 14:37:56,0,15.27,6.47
834,2021/05/19 14:38:06,0,15.26,6.46
835,2021/05/19 14:38:16,0,15.24,6.45
836,2021/05/19 14:38:26,0,15.24,6.45
837,2021/05/19 14:38:36,0,15.24,6.44
838,2021/05/19 14:38:46,0,15.24,6.45
839,2021/05/19 14:38:56,0,15.24,6.45
840,2021/05/19 14:39:06,0,15.22,6.44
841,2021/05/19 14:39:16,0,15.21,6.43
842,2021/05/19 14:39:26,0,15.22,6.44
843,2021/05/19 14:39:36,0,15.22,6.45
844,2021/05/19 14:39:46,0,15.23,6.45
845,2021/05/19 14:39:56,0,15.24,6.47
846,2021/05/19 14:40:06,0,15.21,6.45
847,2021/05/19 14:40:16,0,15.22,6.45
848,2021/05/19 14:40:26,0,15.23,6.46
849,2021/05/19 14:40:36,0,15.22,6.46
850,2021/05/19 14:40:46,0,15.24,6.48
851,2021/05/19 14:40:56,0,15.24,6.47
852,2021/05/19 14:41:06,0,15.22,6.47
853,2021/05/19 14:41:16,0,15.24,6.47
854,2021/05/19 14:41:26,0,15.21,6.45
855,2021/05/19 14:41:36,0,15.19,6.45
856,2021/05/19 14:41:46,0,15.18,6.44
857,2021/05/19 14:41:56,0,15.18,6.44
858,2021/05/19 14:42:06,0,15.2,6.45
859,2021/05/19 14:42:16,0,15.18,6.45
860,2021/05/19 14:42:26,0,15.17,6.45
861,2021/05/19 14:42:36,0,15.17,6.46
862,2021/05/19 14:42:46,0,15.15,6.44
863,2021/05/19 14:42:56,0,15.13,6.43
864,2021/05/19 14:43:06,0,15.12,6.42
865,2021/05/19 14:43:16,0,15.11,6.42
866,2021/05/19 14:43:26,0,15.11,6.42
867,2021/05/19 14:43:36,0,15.09,6.41
868,2021/05/19 14:43:46,0,15.07,6.39
869,2021/05/19 14:43:56,0,15.07,6.39
870,2021/05/19 14:44:06,0,15.04,6.38
871,2021/05/19 14:44:16,0,15.05,6.38
872,2021/05/19 14:44:26,0,15.07,6.38
873,2021/05/19 14:44:36,0,15.02,6.37
874,2021/05/19 14:44:46,0,15.06,6.38
875,2021/05/19 14:44:56,0,15.06,6.38
876,2021/05/19 14:45:06,0,15.02,6.37
877,2021/05/19 14:45:16,0,15.06,6.38
878,2021/05/19 14:45:26,0,15.03,6.37
879,2021/05/19 14:45:36,0,15.04,6.39
880,2021/05/19 14:45:46,0,15.05,6.38
881,2021/05/19 14:45:56,0,15.08,6.38
882,2021/05/19 14:46:06,0,15.07,6.39
883,2021/05/19 14:46:16,0,15.03,6.37
884,2021/05/19 14:46:26,0,15.01,6.37
885,2021/05/19 14:46:36,0,14.99,6.35
886,2021/05/19 14:46:46,0,14.99,6.35
887,2021/05/19 14:46:56,0,15.01,6.36
888,2021/05/19 14:47:06,0,14.98,6.34
889,2021/05/19 14:47:16,0,14.97,6.34
890,2021/05/19 14:47:26,0,14.96,6.34
891,2021/05/19 14:47:36,0,14.96,6.34
892,2021/05/19 14:47:46,0,14.96,6.35
893,2021/05/19 14:47:56,0,14.95,6.34
894,2021/05/19 14:48:06,0,14.93,6.34
895,2021/05/19 14:48:16,0,14.97,6.34
896,2021/05/19 14:48:26,0,14.98,6.34
897,2021/05/19 14:48:36,0,15.0,6.35
898,2021/05/19 14:48:46,0,14.97,6.33
899,2021/05/19 14:48:56,0,14.98,6.34
900,2021/05/19 14:49:06,0,14.98,6.34
901,2021/05/19 14:49:16,0,14.97,6.34
902,2021/05/19 14:49:26,0,14.9,6.31
903,2021/05/19 14:49:36,0,14.88,6.31
904,2021/05/19 14:49:46,0,14.87,6.3
905,2021/05/19 14:49:56,0,14.9,6.32
906,2021/05/19 14:50:06,0,14.93,6.33
907,2021/05/19 14:50:16,0,14.97,6.35
908,2021/05/19 14:50:26,0,14.99,6.35
909,2021/05/19 14:50:36,0,14.96,6.35
910,2021/05/19 14:50:46,0,14.99,6.37
911,2021/05/19 14:50:56,0,15.04,6.38
912,2021/05/19 14:51:06,0,15.02,6.37
913,2021/05/19 14:51:16,0,14.99,6.36
914,2021/05/19 14:51:26,0,14.99,6.35
915,2021/05/19 14:51:36,0,14.96,6.33
916,2021/05/19 14:51:46,0,14.91,6.32
917,2021/05/19 14:51:56,0,14.9,6.31
918,2021/05/19 14:52:06,0,14.87,6.29
919,2021/05/19 14:52:16,0,14.82,6.27
920,2021/05/19 14:52:26,0,14.83,6.27
921,2021/05/19 14:52:36,0,14.81,6.27
922,2021/05/19 14:52:46,0,14.79,6.24
923,2021/05/19 14:52:56,0,14.79,6.25
924,2021/05/19 14:53:06,0,14.8,6.25
925,2021/05/19 14:53:16,0,14.79,6.25
926,2021/05/19 14:53:26,0,14.79,6.24
927,2021/05/19 14:53:36,0,14.79,6.26
928,2021/05/19 14:53:46,0,14.82,6.27
929,2021/05/19 14:53:56,0,14.81,6.26
930,2021/05/19 14:54:06,0,14.81,6.27
931,2021/05/19 14:54:16,0,14.84,6.28
932,2021/05/19 14:54:26,0,14.85,6.28
933,2021/05/19 14:54:36,0,14.86,6.28
934,2021/05/19 14:54:46,0,14.85,6.28
935,2021/05/19 14:54:56,0,14.84,6.28
936,2021/05/19 14:55:06,0,14.82,6.27
937,2021/05/19 14:55:16,0,14.8,6.27
938,2021/05/19 14:55:26,0,14.8,6.25
939,2021/05/19 14:55:36,0,14.81,6.26
940,2021/05/19 14:55:46,0,14.81,6.25
941,2021/05/19 14:55:56,0,14.79,6.25
942,2021/05/19 14:56:06,0,14.8,6.26
943,2021/05/19 14:56:16,0,14.81,6.27
944,2021/05/19 14:56:26,0,14.8,6.28
945,2021/05/19 14:56:36,0,14.79,6.27
946,2021/05/19 14:56:46,0,14.79,6.26
947,2021/05/19 14:56:56,0,14.79,6.26
948,2021/05/19 14:57:06,0,14.79,6.26
949,2021/05/19 14:57:16,0,14.76,6.25
950,2021/05/19 14:57:26,0,14.74,6.23
951,2021/05/19 14:57:36,0,14.75,6.24
952,2021/05/19 14:57:46,0,14.75,6.25
953,2021/05/19 14:57:56,0,14.77,6.25
954,2021/05/19 14:58:06,0,14.76,6.26
955,2021/05/19 14:58:16,0,14.75,6.25
956,2021/05/19 14:58:26,0,14.76,6.25
957,2021/05/19 14:58:36,0,14.75,6.24
958,2021/05/19 14:58:46,0,14.73,6.23
959,2021/05/19 14:58:56,0,14.73,6.23
960,2021/05/19 14:59:06,0,14.71,6.22
961,2021/05/19 14:59:16,0,14.69,6.21
962,2021/05/19 14:59:26,0,14.72,6.22
963,2021/05/19 14:59:36,0,14.69,6.21
964,2021/05/19 14:59:46,0,14.69,6.21
965,2021/05/19 14:59:56,0,14.7,6.22
966,2021/05/19 15:00:06,0,14.72,6.23
967,2021/05/19 15:00:16,0,14.72,6.23
968,2021/05/19 15:00:26,0,14.7,6.22
969,2021/05/19 15:00:36,0,14.7,6.21
970,2021/05/19 15:00:46,0,14.68,6.21
971,2021/05/19 15:00:56,0,14.67,6.2
972,2021/05/19 15:01:06,0,14.66,6.18
973,2021/05/19 15:01:16,0,14.65,6.2
974,2021/05/19 15:01:26,0,14.64,6.19
975,2021/05/19 15:01:36,0,14.63,6.17
976,2021/05/19 15:01:46,0,14.62,6.17
977,2021/05/19 15:01:56,0,14.61,6.17
978,2021/05/19 15:02:06,0,14.61,6.17
979,2021/05/19 15:02:16,0,14.6,6.17
980,2021/05/19 15:02:26,0,14.61,6.18
981,2021/05/19 15:02:36,0,14.61,6.19
982,2021/05/19 15:02:46,0,14.61,6.18
983,2021/05/19 15:02:56,0,14.63,6.18
984,2021/05/19 15:03:06,0,14.61,6.18
985,2021/05/19 15:03:16,0,14.59,6.17
986,2021/05/19 15:03:26,0,14.59,6.16
987,2021/05/19 15:03:36,0,14.58,6.15
988,2021/05/19 15:03:46,0,14.58,6.15
989,2021/05/19 15:03:56,0,14.54,6.15
990,2021/05/19 15:04:06,0,14.56,6.15
991,2021/05/19 15:04:16,0,14.54,6.15
992,2021/05/19 15:04:26,0,14.53,6.14
993,2021/05/19 15:04:36,0,14.53,6.14
994,2021/05/19 15:04:46,0,14.52,6.13
995,2021/05/19 15:04:56,0,14.53,6.13
996,2021/05/19 15:05:06,0,14.52,6.13
997,2021/05/19 15:05:16,0,14.52,6.14
998,2021/05/19 15:05:26,0,14.49,6.12
999,2021/05/19 15:05:36,0,14.5,6.12
1000,2021/05/19 15:05:46,0,14.49,6.11
1001,2021/05/19 15:05:56,0,14.5,6.12
1002,2021/05/19 15:06:06,0,14.49,6.12
1003,2021/05/19 15:06:16,0,14.49,6.12
1004,2021/05/19 15:06:26,0,14.48,6.11
1005,2021/05/19 15:06:36,0,14.5,6.11
1006,2021/05/19 15:06:46,0,14.48,6.13
1007,2021/05/19 15:06:56,0,14.46,6.12
1008,2021/05/19 15:07:06,0,14.47,6.11
1009,2021/05/19 15:07:16,0,14.44,6.09
1010,2021/05/19 15:07:26,0,14.44,6.08
1011,2021/05/19 15:07:36,0,14.41,6.08
1012,2021/05/19 15:07:46,0,14.42,6.08
1013,2021/05/19 15:07:56,0,14.41,6.07
1014,2021/05/19 15:08:06,0,14.42,6.08
1015,2021/05/19 15:08:16,0,14.4,6.08
1016,2021/05/19 15:08:26,0,14.41,6.08
1017,2021/05/19 15:08:36,0,14.4,6.08
1018,2021/05/19 15:08:46,0,14.38,6.07
1019,2021/05/19 15:08:56,0,14.4,6.08
1020,2021/05/19 15:09:06,0,14.38,6.08
1021,2021/05/19 15:09:16,0,14.39,6.06
1022,2021/05/19 15:09:26,0,14.36,6.05
1023,2021/05/19 15:09:36,0,14.36,6.06
1024,2021/05/19 15:09:46,0,14.39,6.08
1025,2021/05/19 15:09:56,0,14.39,6.07
1026,2021/05/19 15:10:06,0,14.39,6.08
1027,2021/05/19 15:10:16,0,14.4,6.09
1028,2021/05/19 15:10:26,0,14.39,6.09
1029,2021/05/19 15:10:36,0,14.4,6.08
1030,2021/05/19 15:10:46,0,14.4,6.09
1031,2021/05/19 15:10:56,0,14.39,6.08
1032,2021/05/19 15:11:06,0,14.38,6.09
1033,2021/05/19 15:11:16,0,14.37,6.08
1034,2021/05/19 15:11:26,0,14.37,6.07
1035,2021/05/19 15:11:36,0,14.36,6.07
1036,2021/05/19 15:11:46,0,14.36,6.06
1037,2021/05/19 15:11:56,0,14.35,6.06
1038,2021/05/19 15:12:06,0,14.35,6.07
1039,2021/05/19 15:12:16,0,14.35,6.08
1040,2021/05/19 15:12:26,0,14.36,6.08
1041,2021/05/19 15:12:36,0,14.36,6.08
1042,2021/05/19 15:12:46,0,14.35,6.07
1043,2021/05/19 15:12:56,0,14.36,6.08
1044,2021/05/19 15:13:06,0,14.36,6.08
1045,2021/05/19 15:13:16,0,14.36,6.08
1046,2021/05/19 15:13:26,0,14.35,6.08
1047,2021/05/19 15:13:36,0,14.33,6.07
1048,2021/05/19 15:13:46,0,14.33,6.07
1049,2021/05/19 15:13:56,0,14.31,6.05
1050,2021/05/19 15:14:06,0,14.3,6.05
1051,2021/05/19 15:14:16,0,14.29,6.04
1052,2021/05/19 15:14:26,0,14.29,6.05
1053,2021/05/19 15:14:36,0,14.28,6.05
1054,2021/05/19 15:14:46,0,14.29,6.05
1055,2021/05/19 15:14:56,0,14.3,6.06
1056,2021/05/19 15:15:06,0,14.28,6.05
1057,2021/05/19 15:15:16,0,14.28,6.04
1058,2021/05/19 15:15:26,0,14.28,6.04
1059,2021/05/19 15:15:36,0,14.28,6.05
1060,2021/05/19 15:15:46,0,14.29,6.05
1061,2021/05/19 15:15:56,0,14.27,6.04
1062,2021/05/19 15:16:06,0,14.27,6.03
1063,2021/05/19 15:16:16,0,14.27,6.03
1064,2021/05/19 15:16:26,0,14.27,6.03
1065,2021/05/19 15:16:36,0,14.26,6.04
1066,2021/05/19 15:16:46,0,14.25,6.03
1067,2021/05/19 15:16:56,0,14.23,6.02
1068,2021/05/19 15:17:06,0,14.24,6.03
1069,2021/05/19 15:17:16,0,14.22,6.02
1070,2021/05/19 15:17:26,0,14.24,6.03
1071,2021/05/19 15:17:36,0,14.23,6.02
1072,2021/05/19 15:17:46,0,14.21,6.01
1073,2021/05/19 15:17:56,0,14.2,6.0
1074,2021/05/19 15:18:06,0,14.18,5.99
1075,2021/05/19 15:18:16,0,14.19,6.0
1076,2021/05/19 15:18:26,0,14.21,6.01
1077,2021/05/19 15:18:36,0,14.19,6.01
1078,2021/05/19 15:18:46,0,14.19,6.0
1079,2021/05/19 15:18:56,0,14.18,6.0
1080,2021/05/19 15:19:06,0,14.19,6.0
1081,2021/05/19 15:19:16,0,14.17,6.0
1082,2021/05/19 15:19:26,0,14.17,5.99
1083,2021/05/19 15:19:36,0,14.13,5.98
1084,2021/05/19 15:19:46,0,14.13,5.97
1085,2021/05/19 15:19:56,0,14.1,5.97
1086,2021/05/19 15:20:06,0,14.1,5.96
1087,2021/05/19 15:20:16,0,14.1,5.96
1088,2021/05/19 15:20:26,0,14.11,5.96
1089,2021/05/19 15:20:36,0,14.11,5.97
1090,2021/05/19 15:20:46,0,14.13,5.99
1091,2021/05/19 15:20:56,0,14.13,5.98
1092,2021/05/19 15:21:06,0,14.1,5.97
1093,2021/05/19 15:21:16,0,14.1,5.98
1094,2021/05/19 15:21:26,0,14.08,5.97
1095,2021/05/19 15:21:36,0,14.1,5.98
1096,2021/05/19 15:21:46,0,14.09,5.97
1097,2021/05/19 15:21:56,0,14.08,5.97
1098,2021/05/19 15:22:06,0,14.07,5.95
1099,2021/05/19 15:22:16,0,14.06,5.94
1100,2021/05/19 15:22:26,0,14.08,5.95
1101,2021/05/19 15:22:36,0,14.06,5.95
1102,2021/05/19 15:22:46,0,14.05,5.95
1103,2021/05/19 15:22:56,0,14.04,5.94
1104,2021/05/19 15:23:06,0,14.03,5.94
1105,2021/05/19 15:23:16,0,14.02,5.93
1106,2021/05/19 15:23:26,0,14.01,5.92
1107,2021/05/19 15:23:36,0,13.99,5.91
1108,2021/05/19 15:23:46,0,13.98,5.91
1109,2021/05/19 15:23:56,0,13.97,5.9
1110,2021/05/19 15:24:06,0,13.95,5.89
1111,2021/05/19 15:24:16,0,13.94,5.89
1112,2021/05/19 15:24:26,0,13.96,5.9
1113,2021/05/19 15:24:36,0,13.94,5.88
1114,2021/05/19 15:24:46,0,13.93,5.88
1115,2021/05/19 15:24:56,0,13.94,5.88
1116,2021/05/19 15:25:06,0,13.95,5.89
1117,2021/05/19 15:25:16,0,13.95,5.9
1118,2021/05/19 15:25:26,0,13.93,5.89
1119,2021/05/19 15:25:36,0,13.91,5.88
1120,2021/05/19 15:25:46,0,13.89,5.88
1121,2021/05/19 15:25:56,0,13.92,5.9
1122,2021/05/19 15:26:06,0,13.92,5.89
1123,2021/05/19 15:26:16,0,13.91,5.9
1124,2021/05/19 15:26:26,0,13.92,5.9
1125,2021/05/19 15:26:36,0,13.93,5.91
1126,2021/05/19 15:26:46,0,13.93,5.91
1127,2021/05/19 15:26:56,0,13.94,5.92
1128,2021/05/19 15:27:06,0,13.96,5.93
1129,2021/05/19 15:27:16,0,13.93,5.93
1130,2021/05/19 15:27:26,0,13.91,5.9
1131,2021/05/19 15:27:36,0,13.91,5.9
1132,2021/05/19 15:27:46,0,13.91,5.89
1133,2021/05/19 15:27:56,0,13.9,5.88
1134,2021/05/19 15:28:06,0,13.88,5.87
1135,2021/05/19 15:28:16,0,13.86,5.86
1136,2021/05/19 15:28:26,0,13.85,5.86
1137,2021/05/19 15:28:36,0,13.85,5.86
1138,2021/05/19 15:28:46,0,13.86,5.86
1139,2021/05/19 15:28:56,0,13.86,5.87
1140,2021/05/19 15:29:06,0,13.85,5.86
1141,2021/05/19 15:29:16,0,13.85,5.86
1142,2021/05/19 15:29:26,0,13.84,5.85
1143,2021/05/19 15:29:36,0,13.84,5.86
1144,2021/05/19 15:29:46,0,13.82,5.85
1145,2021/05/19 15:29:56,0,13.83,5.86
1146,2021/05/19 15:30:06,0,13.81,5.86
1147,2021/05/19 15:30:16,0,13.82,5.85
1148,2021/05/19 15:30:26,0,13.8,5.85
1149,2021/05/19 15:30:36,0,13.79,5.84
1150,2021/05/19 15:30:46,0,13.76,5.83
1151,2021/05/19 15:30:56,0,13.76,5.83
1152,2021/05/19 15:31:06,0,13.74,5.82
1153,2021/05/19 15:31:16,0,13.74,5.81
1154,2021/05/19 15:31:26,0,13.74,5.81
1155,2021/05/19 15:31:36,0,13.74,5.82
1156,2021/05/19 15:31:46,0,13.73,5.82
1157,2021/05/19 15:31:56,0,13.74,5.82
1158,2021/05/19 15:32:06,0,13.73,5.82
1159,2021/05/19 15:32:16,0,13.72,5.81
1160,2021/05/19 15:32:26,0,13.71,5.8
1161,2021/05/19 15:32:36,0,13.7,5.8
1162,2021/05/19 15:32:46,0,13.7,5.8
1163,2021/05/19 15:32:56,0,13.71,5.8
1164,2021/05/19 15:33:06,0,13.69,5.79
1165,2021/05/19 15:33:16,0,13.69,5.79
1166,2021/05/19 15:33:26,0,13.67,5.78
1167,2021/05/19 15:33:36,0,13.68,5.78
1168,2021/05/19 15:33:46,0,13.66,5.78
1169,2021/05/19 15:33:56,0,13.64,5.76
1170,2021/05/19 15:34:06,0,13.62,5.76
1171,2021/05/19 15:34:16,0,13.62,5.75
1172,2021/05/19 15:34:26,0,13.61,5.75
1173,2021/05/19 15:34:36,0,13.6,5.74
1174,2021/05/19 15:34:46,0,13.59,5.74
1175,2021/05/19 15:34:56,0,13.58,5.74
1176,2021/05/19 15:35:06,0,13.57,5.72
1177,2021/05/19 15:35:16,0,13.59,5.73
1178,2021/05/19 15:35:26,0,13.57,5.73
1179,2021/05/19 15:35:36,0,13.56,5.72
1180,2021/05/19 15:35:46,0,13.56,5.72
1181,2021/05/19 15:35:56,0,13.56,5.73
1182,2021/05/19 15:36:06,0,13.53,5.73
1183,2021/05/19 15:36:16,0,13.54,5.72
1184,2021/05/19 15:36:26,0,13.53,5.72
1185,2021/05/19 15:36:36,0,13.51,5.71
1186,2021/05/19 15:36:46,0,13.51,5.71
1187,2021/05/19 15:36:56,0,13.51,5.71
1188,2021/05/19 15:37:06,0,13.51,5.71
1189,2021/05/19 15:37:16,0,13.5,5.71
1190,2021/05/19 15:37:26,0,13.49,5.71
1191,2021/05/19 15:37:36,0,13.49,5.7
1192,2021/05/19 15:37:46,0,13.49,5.7
1193,2021/05/19 15:37:56,0,13.48,5.71
1194,2021/05/19 15:38:06,0,13.48,5.7
1195,2021/05/19 15:38:16,0,13.48,5.7
1196,2021/05/19 15:38:26,0,13.47,5.69
1197,2021/05/19 15:38:36,0,13.46,5.7
1198,2021/05/19 15:38:46,0,13.46,5.71
1199,2021/05/19 15:38:56,0,13.46,5.7
1200,2021/05/19 15:39:06,0,13.43,5.69
1201,2021/05/19 15:39:16,0,13.43,5.68
1202,2021/05/19 15:39:26,0,13.42,5.68
1203,2021/05/19 15:39:36,0,13.41,5.68
1204,2021/05/19 15:39:46,0,13.4,5.68
1205,2021/05/19 15:39:56,0,13.4,5.67
1206,2021/05/19 15:40:06,0,13.4,5.68
1207,2021/05/19 15:40:16,0,13.41,5.68
1208,2021/05/19 15:40:26,0,13.4,5.68
1209,2021/05/19 15:40:36,0,13.38,5.67
1210,2021/05/19 15:40:46,0,13.39,5.67
1211,2021/05/19 15:40:56,0,13.38,5.67
1212,2021/05/19 15:41:06,0,13.39,5.67
1213,2021/05/19 15:41:16,0,13.37,5.67
1214,2021/05/19 15:41:26,0,13.37,5.67
1215,2021/05/19 15:41:36,0,13.37,5.67
1216,2021/05/19 15:41:46,0,13.34,5.65
1217,2021/05/19 15:41:56,0,13.34,5.64
1218,2021/05/19 15:42:06,0,13.31,5.64
1219,2021/05/19 15:42:16,0,13.3,5.63
1220,2021/05/19 15:42:26,0,13.28,5.61
1221,2021/05/19 15:42:36,0,13.28,5.62
1222,2021/05/19 15:42:46,0,13.29,5.63
1223,2021/05/19 15:42:56,0,13.28,5.63
1224,2021/05/19 15:43:06,0,13.27,5.62
1225,2021/05/19 15:43:16,0,13.28,5.62
1226,2021/05/19 15:43:26,0,13.26,5.63
1227,2021/05/19 15:43:36,0,13.24,5.61
1228,2021/05/19 15:43:46,0,13.23,5.6
1229,2021/05/19 15:43:56,0,13.23,5.6
1230,2021/05/19 15:44:06,0,13.22,5.6
1231,2021/05/19 15:44:16,0,13.2,5.59
1232,2021/05/19 15:44:26,0,13.19,5.58
1233,2021/05/19 15:44:36,0,13.17,5.57
1234,2021/05/19 15:44:46,0,13.17,5.56
1235,2021/05/19 15:44:56,0,13.16,5.58
1236,2021/05/19 15:45:06,0,13.17,5.58
1237,2021/05/19 15:45:16,0,13.16,5.57
1238,2021/05/19 15:45:26,0,13.15,5.56
1239,2021/05/19 15:45:36,0,13.15,5.57
1240,2021/05/19 15:45:46,0,13.16,5.57
1241,2021/05/19 15:45:56,0,13.15,5.57
1242,2021/05/19 15:46:06,0,13.16,5.58
1243,2021/05/19 15:46:16,0,13.14,5.57
1244,2021/05/19 15:46:26,0,13.14,5.56
1245,2021/05/19 15:46:36,0,13.14,5.57
1246,2021/05/19 15:46:46,0,13.12,5.56
1247,2021/05/19 15:46:56,0,13.12,5.55
1248,2021/05/19 15:47:06,0,13.11,5.55
1249,2021/05/19 15:47:16,0,13.11,5.57
1250,2021/05/19 15:47:26,0,13.11,5.56
1251,2021/05/19 15:47:36,0,13.1,5.55
1252,2021/05/19 15:47:46,0,13.09,5.56
1253,2021/05/19 15:47:56,0,13.09,5.55
1254,2021/05/19 15:48:06,0,13.09,5.54
1255,2021/05/19 15:48:16,0,13.06,5.53
1256,2021/05/19 15:48:26,0,13.07,5.54
1257,2021/05/19 15:48:36,0,13.08,5.54
1258,2021/05/19 15:48:46,0,13.06,5.53
1259,2021/05/19 15:48:56,0,13.07,5.54
1260,2021/05/19 15:49:06,0,13.06,5.53
1261,2021/05/19 15:49:16,0,13.06,5.53
1262,2021/05/19 15:49:26,0,13.03,5.52
1263,2021/05/19 15:49:36,0,13.03,5.51
1264,2021/05/19 15:49:46,0,13.02,5.51
1265,2021/05/19 15:49:56,0,13.0,5.5
1266,2021/05/19 15:50:06,0,13.0,5.5
1267,2021/05/19 15:50:16,0,13.0,5.49
1268,2021/05/19 15:50:26,0,12.97,5.49
1269,2021/05/19 15:50:36,0,12.97,5.48
1270,2021/05/19 15:50:46,0,12.98,5.49
1271,2021/05/19 15:50:56,0,12.96,5.48
1272,2021/05/19 15:51:06,0,12.95,5.48
1273,2021/05/19 15:51:16,0,12.94,5.48
1274,2021/05/19 15:51:26,0,12.95,5.47
1275,2021/05/19 15:51:36,0,12.91,5.46
1276,2021/05/19 15:51:46,0,12.92,5.46
1277,2021/05/19 15:51:56,0,12.93,5.46
1278,2021/05/19 15:52:06,0,12.9,5.45
1279,2021/05/19 15:52:16,0,12.89,5.44
1280,2021/05/19 15:52:26,0,12.88,5.43
1281,2021/05/19 15:52:36,0,12.86,5.43
1282,2021/05/19 15:52:46,0,12.86,5.43
1283,2021/05/19 15:52:56,0,12.85,5.43
1284,2021/05/19 15:53:06,0,12.85,5.42
1285,2021/05/19 15:53:16,0,12.84,5.42
1286,2021/05/19 15:53:26,0,12.83,5.42
1287,2021/05/19 15:53:36,0,12.82,5.4
1288,2021/05/19 15:53:46,0,12.82,5.4
1289,2021/05/19 15:53:56,0,12.81,5.4
1290,2021/05/19 15:54:06,0,12.8,5.41
1291,2021/05/19 15:54:16,0,12.79,5.4
1292,2021/05/19 15:54:26,0,12.77,5.39
1293,2021/05/19 15:54:36,0,12.77,5.39
1294,2021/05/19 15:54:46,0,12.75,5.39
1295,2021/05/19 15:54:56,0,12.75,5.4
1296,2021/05/19 15:55:06,0,12.74,5.39
1297,2021/05/19 15:55:16,0,12.72,5.38
1298,2021/05/19 15:55:26,0,12.72,5.37
1299,2021/05/19 15:55:36,0,12.72,5.37
1300,2021/05/19 15:55:46,0,12.7,5.36
1301,2021/05/19 15:55:56,0,12.68,5.36
1302,2021/05/19 15:56:06,0,12.68,5.36
1303,2021/05/19 15:56:16,0,12.68,5.35
1304,2021/05/19 15:56:26,0,12.66,5.35
1305,2021/05/19 15:56:36,0,12.66,5.35
1306,2021/05/19 15:56:46,0,12.64,5.34
1307,2021/05/19 15:56:56,0,12.63,5.33
1308,2021/05/19 15:57:06,0,12.6,5.32
1309,2021/05/19 15:57:16,0,12.59,5.32
1310,2021/05/19 15:57:26,0,12.58,5.32
1311,2021/05/19 15:57:36,0,12.58,5.32
1312,2021/05/19 15:57:46,0,12.57,5.31
1313,2021/05/19 15:57:56,0,12.55,5.3
1314,2021/05/19 15:58:06,0,12.59,5.32
1315,2021/05/19 15:58:16,0,12.58,5.32
1316,2021/05/19 15:58:26,0,12.57,5.32
1317,2021/05/19 15:58:36,0,12.56,5.33
1318,2021/05/19 15:58:46,0,12.57,5.34
1319,2021/05/19 15:58:56,0,12.58,5.33
1320,2021/05/19 15:59:06,0,12.56,5.32
1321,2021/05/19 15:59:16,0,12.57,5.33
1322,2021/05/19 15:59:26,0,12.59,5.34
1323,2021/05/19 15:59:36,0,12.57,5.33
1324,2021/05/19 15:59:46,0,12.56,5.32
1325,2021/05/19 15:59:56,0,12.55,5.32
1326,2021/05/19 16:00:06,0,12.55,5.32
1327,2021/05/19 16:00:16,0,12.54,5.3
1328,2021/05/19 16:00:26,0,12.54,5.3
1329,2021/05/19 16:00:36,0,12.53,5.3
1330,2021/05/19 16:00:46,0,12.52,5.29
1331,2021/05/19 16:00:56,0,12.52,5.3
1332,2021/05/19 16:01:06,0,12.49,5.29
1333,2021/05/19 16:01:16,0,12.49,5.28
1334,2021/05/19 16:01:26,0,12.47,5.27
1335,2021/05/19 16:01:36,0,12.48,5.27
1336,2021/05/19 16:01:46,0,12.49,5.28
1337,2021/05/19 16:01:56,0,12.47,5.27
1338,2021/05/19 16:02:06,0,12.46,5.26
1339,2021/05/19 16:02:16,0,12.45,5.26
1340,2021/05/19 16:02:26,0,12.46,5.27
1341,2021/05/19 16:02:36,0,12.44,5.27
1342,2021/05/19 16:02:46,0,12.45,5.27
1343,2021/05/19 16:02:56,0,12.46,5.28
1344,2021/05/19 16:03:06,0,12.46,5.28
1345,2021/05/19 16:03:16,0,12.49,5.29
1346,2021/05/19 16:03:26,0,12.48,5.29
1347,2021/05/19 16:03:36,0,12.45,5.27
1348,2021/05/19 16:03:46,0,12.44,5.28
1349,2021/05/19 16:03:56,0,12.43,5.26
1350,2021/05/19 16:04:06,0,12.43,5.27
1351,2021/05/19 16:04:16,0,12.41,5.26
1352,2021/05/19 16:04:26,0,12.4,5.26
1353,2021/05/19 16:04:36,0,12.38,5.26
1354,2021/05/19 16:04:46,0,12.37,5.24
1355,2021/05/19 16:04:56,0,12.36,5.24
1356,2021/05/19 16:05:06,0,12.38,5.25
1357,2021/05/19 16:05:16,0,12.37,5.24
1358,2021/05/19 16:05:26,0,12.37,5.26
1359,2021/05/19 16:05:36,0,12.35,5.23
1360,2021/05/19 16:05:46,0,12.36,5.24
1361,2021/05/19 16:05:56,0,12.33,5.22
1362,2021/05/19 16:06:06,0,12.35,5.23
1363,2021/05/19 16:06:16,0,12.32,5.22
1364,2021/05/19 16:06:26,0,12.29,5.19
1365,2021/05/19 16:06:36,0,12.27,5.18
1366,2021/05/19 16:06:46,0,12.26,5.18
1367,2021/05/19 16:06:56,0,12.25,5.17
1368,2021/05/19 16:07:06,0,12.26,5.18
1369,2021/05/19 16:07:16,0,12.25,5.18
1370,2021/05/19 16:07:26,0,12.26,5.18
1371,2021/05/19 16:07:36,0,12.26,5.19
1372,2021/05/19 16:07:46,0,12.25,5.19
1373,2021/05/19 16:07:56,0,12.23,5.17
1374,2021/05/19 16:08:06,0,12.23,5.17
1375,2021/05/19 16:08:16,0,12.21,5.16
1376,2021/05/19 16:08:26,0,12.21,5.16
1377,2021/05/19 16:08:36,0,12.21,5.16
1378,2021/05/19 16:08:46,0,12.22,5.17
1379,2021/05/19 16:08:56,0,12.23,5.18
1380,2021/05/19 16:09:06,0,12.23,5.18
1381,2021/05/19 16:09:16,0,12.23,5.18
1382,2021/05/19 16:09:26,0,12.23,5.18
1383,2021/05/19 16:09:36,0,12.23,5.18
1384,2021/05/19 16:09:46,0,12.23,5.18
1385,2021/05/19 16:09:56,0,12.19,5.18
1386,2021/05/19 16:10:06,0,12.18,5.16
1387,2021/05/19 16:10:16,0,12.18,5.15
1388,2021/05/19 16:10:26,0,12.18,5.15
1389,2021/05/19 16:10:36,0,12.15,5.14
1390,2021/05/19 16:10:46,0,12.14,5.14
1391,2021/05/19 16:10:56,0,12.1,5.12
1392,2021/05/19 16:11:06,0,12.11,5.12
1393,2021/05/19 16:11:16,0,12.09,5.11
1394,2021/05/19 16:11:26,0,12.08,5.11
1395,2021/05/19 16:11:36,0,12.08,5.1
1396,2021/05/19 16:11:46,0,12.06,5.09
1397,2021/05/19 16:11:56,0,12.06,5.1
1398,2021/05/19 16:12:06,0,12.04,5.09
1399,2021/05/19 16:12:16,0,12.04,5.08
1400,2021/05/19 16:12:26,0,12.01,5.07
1401,2021/05/19 16:12:36,0,12.01,5.06
1402,2021/05/19 16:12:46,0,11.98,5.05
1403,2021/05/19 16:12:56,0,11.97,5.05
1404,2021/05/19 16:13:06,0,11.97,5.05
1405,2021/05/19 16:13:16,0,11.95,5.04
1406,2021/05/19 16:13:26,0,11.94,5.04
1407,2021/05/19 16:13:36,0,11.92,5.02
1408,2021/05/19 16:13:46,0,11.91,5.03
1409,2021/05/19 16:13:56,0,11.92,5.03
1410,2021/05/19 16:14:06,0,11.9,5.02
1411,2021/05/19 16:14:16,0,11.89,5.02
1412,2021/05/19 16:14:26,0,11.89,5.02
1413,2021/05/19 16:14:36,0,11.91,5.02
1414,2021/05/19 16:14:46,0,11.89,5.01
1415,2021/05/19 16:14:56,0,11.86,5.01
1416,2021/05/19 16:15:06,0,11.86,5.01
1417,2021/05/19 16:15:16,0,11.87,5.01
1418,2021/05/19 16:15:26,0,11.88,5.02
1419,2021/05/19 16:15:36,0,11.89,5.02
1420,2021/05/19 16:15:46,0,11.88,5.01
1421,2021/05/19 16:15:56,0,11.87,5.02
1422,2021/05/19 16:16:06,0,11.87,5.01
1423,2021/05/19 16:16:16,0,11.85,5.01
1424,2021/05/19 16:16:26,0,11.84,5.01
1425,2021/05/19 16:16:36,0,11.84,5.01
1426,2021/05/19 16:16:46,0,11.83,5.0
1427,2021/05/19 16:16:56,0,11.82,5.0
1428,2021/05/19 16:17:06,0,11.83,5.0
1429,2021/05/19 16:17:16,0,11.83,5.0
1430,2021/05/19 16:17:26,0,11.81,5.0
1431,2021/05/19 16:17:36,0,11.8,5.0
1432,2021/05/19 16:17:46,0,11.8,4.99
1433,2021/05/19 16:17:56,0,11.78,4.98
1434,2021/05/19 16:18:06,0,11.78,4.98
1435,2021/05/19 16:18:16,0,11.76,4.98
1436,2021/05/19 16:18:26,0,11.77,4.98
1437,2021/05/19 16:18:36,0,11.77,4.99
1438,2021/05/19 16:18:46,0,11.77,4.98
1439,2021/05/19 16:18:56,0,11.75,4.97
1440,2021/05/19 16:19:06,0,11.72,4.95
1441,2021/05/19 16:19:16,0,11.7,4.95
1442,2021/05/19 16:19:26,0,11.7,4.94
1443,2021/05/19 16:19:36,0,11.68,4.94
1444,2021/05/19 16:19:46,0,11.68,4.93
1445,2021/05/19 16:19:56,0,11.66,4.92
1446,2021/05/19 16:20:06,0,11.65,4.92
1447,2021/05/19 16:20:16,0,11.65,4.92
1448,2021/05/19 16:20:26,0,11.65,4.92
1449,2021/05/19 16:20:36,0,11.64,4.91
1450,2021/05/19 16:20:46,0,11.64,4.92
1451,2021/05/19 16:20:56,0,11.65,4.93
1452,2021/05/19 16:21:06,0,11.67,4.93
1453,2021/05/19 16:21:16,0,11.65,4.94
1454,2021/05/19 16:21:26,0,11.64,4.92
1455,2021/05/19 16:21:36,0,11.62,4.92
1456,2021/05/19 16:21:46,0,11.6,4.91
1457,2021/05/19 16:21:56,0,11.58,4.9
1458,2021/05/19 16:22:06,0,11.57,4.89
1459,2021/05/19 16:22:16,0,11.58,4.89
1460,2021/05/19 16:22:26,0,11.54,4.88
1461,2021/05/19 16:22:36,0,11.54,4.88
1462,2021/05/19 16:22:46,0,11.54,4.89
1463,2021/05/19 16:22:56,0,11.53,4.89
1464,2021/05/19 16:23:06,0,11.53,4.88
1465,2021/05/19 16:23:16,0,11.54,4.89
1466,2021/05/19 16:23:26,0,11.54,4.89
1467,2021/05/19 16:23:36,0,11.52,4.89
1468,2021/05/19 16:23:46,0,11.53,4.9
1469,2021/05/19 16:23:56,0,11.54,4.91
1470,2021/05/19 16:24:06,0,11.51,4.89
1471,2021/05/19 16:24:16,0,11.51,4.89
1472,2021/05/19 16:24:26,0,11.49,4.89
1473,2021/05/19 16:24:36,0,11.49,4.87
1474,2021/05/19 16:24:46,0,11.48,4.87
1475,2021/05/19 16:24:56,0,11.46,4.88
1476,2021/05/19 16:25:06,0,11.47,4.87
1477,2021/05/19 16:25:16,0,11.46,4.88
1478,2021/05/19 16:25:26,0,11.47,4.88
1479,2021/05/19 16:25:36,0,11.48,4.88
1480,2021/05/19 16:25:46,0,11.47,4.88
1481,2021/05/19 16:25:56,0,11.44,4.87
1482,2021/05/19 16:26:06,0,11.44,4.86
1483,2021/05/19 16:26:16,0,11.43,4.85
1484,2021/05/19 16:26:26,0,11.41,4.85
1485,2021/05/19 16:26:36,0,11.4,4.84
1486,2021/05/19 16:26:46,0,11.4,4.84
1487,2021/05/19 16:26:56,0,11.38,4.83
1488,2021/05/19 16:27:06,0,11.38,4.83
1489,2021/05/19 16:27:16,0,11.37,4.82
1490,2021/05/19 16:27:26,0,11.35,4.81
1491,2021/05/19 16:27:36,0,11.35,4.82
1492,2021/05/19 16:27:46,0,11.35,4.82
1493,2021/05/19 16:27:56,0,11.35,4.82
1494,2021/05/19 16:28:06,0,11.33,4.81
1495,2021/05/19 16:28:16,0,11.31,4.8
1496,2021/05/19 16:28:26,0,11.3,4.79
1497,2021/05/19 16:28:36,0,11.28,4.78
1498,2021/05/19 16:28:46,0,11.26,4.77
1499,2021/05/19 16:28:56,0,11.26,4.77
1500,2021/05/19 16:29:06,0,11.25,4.77
1501,2021/05/19 16:29:16,0,11.29,4.79
1502,2021/05/19 16:29:26,0,11.26,4.78
1503,2021/05/19 16:29:36,0,11.24,4.77
1504,2021/05/19 16:29:46,0,11.22,4.76
1505,2021/05/19 16:29:56,0,11.22,4.76
1506,2021/05/19 16:30:06,0,11.2,4.76
1507,2021/05/19 16:30:16,0,11.19,4.74
1508,2021/05/19 16:30:26,0,11.18,4.74
1509,2021/05/19 16:30:36,0,11.18,4.73
1510,2021/05/19 16:30:46,0,11.16,4.73
1511,2021/05/19 16:30:56,0,11.14,4.72
1512,2021/05/19 16:31:06,0,11.13,4.71
1513,2021/05/19 16:31:16,0,11.11,4.71
1514,2021/05/19 16:31:26,0,11.1,4.69
1515,2021/05/19 16:31:36,0,11.09,4.7
1516,2021/05/19 16:31:46,0,11.1,4.7
1517,2021/05/19 16:31:56,0,11.07,4.69
1518,2021/05/19 16:32:06,0,11.07,4.7
1519,2021/05/19 16:32:16,0,11.09,4.69
1520,2021/05/19 16:32:26,0,11.06,4.69
1521,2021/05/19 16:32:36,0,11.07,4.69
1522,2021/05/19 16:32:46,0,11.07,4.7
1523,2021/05/19 16:32:56,0,11.07,4.7
1524,2021/05/19 16:33:06,0,11.04,4.68
1525,2021/05/19 16:33:16,0,11.04,4.69
1526,2021/05/19 16:33:26,0,11.04,4.69
1527,2021/05/19 16:33:36,0,11.04,4.68
1528,2021/05/19 16:33:46,0,11.03,4.68
1529,2021/05/19 16:33:56,0,11.01,4.67
1531,2021/05/19 16:34:16,0,11.0,4.67
1532,2021/05/19 16:34:26,0,11.0,4.66